record_1,record_2,match_score
I20220510001310,I20220517001310,93.33333333333333
I20240207003290,I20240207002904,93.33333333333333
I20050927001472,I20050927001047,93.33333333333333
